Model,accuracy,precision,recall,f1_score,roc_auc,mse,mae,rmse,confusion_matrix,classification_report
RandomForest_v3.pkl,0.795,0.7878787878787878,0.6582278481012658,0.7172413793103448,0.846218223663563,0.205,0.205,0.4527692569068708,"[[107, 14], [27, 52]]","              precision    recall  f1-score   support

           0       0.80      0.88      0.84       121
           1       0.79      0.66      0.72        79

    accuracy                           0.80       200
   macro avg       0.79      0.77      0.78       200
weighted avg       0.79      0.80      0.79       200
"
